Data As Of,Start Date,End Date,Group,Year,Month,State,Sex,COVID-19 Deaths,Total Deaths
04/28/2021,01/01/2020,01/31/2020,By Month,2020.0,1.0,United States,All Sexes,4.0,264634.0
04/28/2021,02/01/2020,02/29/2020,By Month,2020.0,2.0,United States,All Sexes,16.0,244867.0
04/28/2021,03/01/2020,03/31/2020,By Month,2020.0,3.0,United States,All Sexes,7100.0,269739.0
04/28/2021,04/01/2020,04/30/2020,By Month,2020.0,4.0,United States,All Sexes,65288.0,322377.0
04/28/2021,05/01/2020,05/31/2020,By Month,2020.0,5.0,United States,All Sexes,38211.0,280476.0
04/28/2021,06/01/2020,06/30/2020,By Month,2020.0,6.0,United States,All Sexes,17940.0,250314.0
04/28/2021,07/01/2020,07/31/2020,By Month,2020.0,7.0,United States,All Sexes,31023.0,278867.0
04/28/2021,08/01/2020,08/31/2020,By Month,2020.0,8.0,United States,All Sexes,29761.0,277140.0
04/28/2021,09/01/2020,09/30/2020,By Month,2020.0,9.0,United States,All Sexes,19052.0,256982.0
04/28/2021,10/01/2020,10/31/2020,By Month,2020.0,10.0,United States,All Sexes,24629.0,272242.0
04/28/2021,11/01/2020,11/30/2020,By Month,2020.0,11.0,United States,All Sexes,52714.0,300263.0
04/28/2021,12/01/2020,12/31/2020,By Month,2020.0,12.0,United States,All Sexes,97180.0,360490.0
04/28/2021,01/01/2021,01/31/2021,By Month,2021.0,1.0,United States,All Sexes,99855.0,356804.0
04/28/2021,02/01/2021,02/28/2021,By Month,2021.0,2.0,United States,All Sexes,45613.0,267313.0
04/28/2021,03/01/2021,03/31/2021,By Month,2021.0,3.0,United States,All Sexes,20966.0,244220.0
04/28/2021,04/01/2021,04/24/2021,By Month,2021.0,4.0,United States,All Sexes,8134.0,108849.0
04/28/2021,03/01/2020,03/31/2020,By Month,2020.0,3.0,Alabama,All Sexes,48.0,4756.0
04/28/2021,04/01/2020,04/30/2020,By Month,2020.0,4.0,Alabama,All Sexes,338.0,4876.0
04/28/2021,05/01/2020,05/31/2020,By Month,2020.0,5.0,Alabama,All Sexes,426.0,5108.0
04/28/2021,06/01/2020,06/30/2020,By Month,2020.0,6.0,Alabama,All Sexes,399.0,4900.0
04/28/2021,07/01/2020,07/31/2020,By Month,2020.0,7.0,Alabama,All Sexes,873.0,5717.0
04/28/2021,08/01/2020,08/31/2020,By Month,2020.0,8.0,Alabama,All Sexes,960.0,5764.0
04/28/2021,09/01/2020,09/30/2020,By Month,2020.0,9.0,Alabama,All Sexes,565.0,5110.0
04/28/2021,10/01/2020,10/31/2020,By Month,2020.0,10.0,Alabama,All Sexes,557.0,5199.0
04/28/2021,11/01/2020,11/30/2020,By Month,2020.0,11.0,Alabama,All Sexes,761.0,5547.0
04/28/2021,12/01/2020,12/31/2020,By Month,2020.0,12.0,Alabama,All Sexes,1733.0,7023.0
04/28/2021,01/01/2021,01/31/2021,By Month,2021.0,1.0,Alabama,All Sexes,2362.0,7719.0
04/28/2021,02/01/2021,02/28/2021,By Month,2021.0,2.0,Alabama,All Sexes,943.0,5414.0
04/28/2021,03/01/2021,03/31/2021,By Month,2021.0,3.0,Alabama,All Sexes,356.0,4672.0
04/28/2021,04/01/2021,04/24/2021,By Month,2021.0,4.0,Alabama,All Sexes,93.0,1947.0
04/28/2021,07/01/2020,07/31/2020,By Month,2020.0,7.0,Alaska,All Sexes,12.0,431.0
04/28/2021,08/01/2020,08/31/2020,By Month,2020.0,8.0,Alaska,All Sexes,19.0,429.0
04/28/2021,09/01/2020,09/30/2020,By Month,2020.0,9.0,Alaska,All Sexes,12.0,422.0
04/28/2021,10/01/2020,10/31/2020,By Month,2020.0,10.0,Alaska,All Sexes,32.0,464.0
04/28/2021,11/01/2020,11/30/2020,By Month,2020.0,11.0,Alaska,All Sexes,69.0,498.0
04/28/2021,12/01/2020,12/31/2020,By Month,2020.0,12.0,Alaska,All Sexes,95.0,500.0
04/28/2021,01/01/2021,01/31/2021,By Month,2021.0,1.0,Alaska,All Sexes,36.0,461.0
04/28/2021,02/01/2021,02/28/2021,By Month,2021.0,2.0,Alaska,All Sexes,17.0,338.0
04/28/2021,03/01/2021,03/31/2021,By Month,2021.0,3.0,Alaska,All Sexes,15.0,298.0
04/28/2021,03/01/2020,03/31/2020,By Month,2020.0,3.0,Arizona,All Sexes,63.0,5927.0
04/28/2021,04/01/2020,04/30/2020,By Month,2020.0,4.0,Arizona,All Sexes,405.0,5879.0
04/28/2021,05/01/2020,05/31/2020,By Month,2020.0,5.0,Arizona,All Sexes,504.0,5929.0
04/28/2021,06/01/2020,06/30/2020,By Month,2020.0,6.0,Arizona,All Sexes,900.0,6544.0
04/28/2021,07/01/2020,07/31/2020,By Month,2020.0,7.0,Arizona,All Sexes,2100.0,8382.0
04/28/2021,08/01/2020,08/31/2020,By Month,2020.0,8.0,Arizona,All Sexes,942.0,6711.0
04/28/2021,09/01/2020,09/30/2020,By Month,2020.0,9.0,Arizona,All Sexes,272.0,5423.0
04/28/2021,10/01/2020,10/31/2020,By Month,2020.0,10.0,Arizona,All Sexes,259.0,5609.0
04/28/2021,11/01/2020,11/30/2020,By Month,2020.0,11.0,Arizona,All Sexes,856.0,6136.0
04/28/2021,12/01/2020,12/31/2020,By Month,2020.0,12.0,Arizona,All Sexes,3004.0,9215.0
04/28/2021,01/01/2021,01/31/2021,By Month,2021.0,1.0,Arizona,All Sexes,3988.0,10242.0
04/28/2021,02/01/2021,02/28/2021,By Month,2021.0,2.0,Arizona,All Sexes,1615.0,6555.0
04/28/2021,03/01/2021,03/31/2021,By Month,2021.0,3.0,Arizona,All Sexes,496.0,6045.0
04/28/2021,04/01/2021,04/24/2021,By Month,2021.0,4.0,Arizona,All Sexes,125.0,2821.0
04/28/2021,03/01/2020,03/31/2020,By Month,2020.0,3.0,Arkansas,All Sexes,10.0,2846.0
04/28/2021,04/01/2020,04/30/2020,By Month,2020.0,4.0,Arkansas,All Sexes,61.0,2685.0
04/28/2021,05/01/2020,05/31/2020,By Month,2020.0,5.0,Arkansas,All Sexes,78.0,2763.0
04/28/2021,06/01/2020,06/30/2020,By Month,2020.0,6.0,Arkansas,All Sexes,169.0,2906.0
04/28/2021,07/01/2020,07/31/2020,By Month,2020.0,7.0,Arkansas,All Sexes,274.0,3078.0
04/28/2021,08/01/2020,08/31/2020,By Month,2020.0,8.0,Arkansas,All Sexes,409.0,3296.0
04/28/2021,09/01/2020,09/30/2020,By Month,2020.0,9.0,Arkansas,All Sexes,420.0,3197.0
04/28/2021,10/01/2020,10/31/2020,By Month,2020.0,10.0,Arkansas,All Sexes,626.0,3460.0
04/28/2021,11/01/2020,11/30/2020,By Month,2020.0,11.0,Arkansas,All Sexes,844.0,3711.0
04/28/2021,12/01/2020,12/31/2020,By Month,2020.0,12.0,Arkansas,All Sexes,1130.0,4121.0
04/28/2021,01/01/2021,01/31/2021,By Month,2021.0,1.0,Arkansas,All Sexes,1168.0,4164.0
04/28/2021,02/01/2021,02/28/2021,By Month,2021.0,2.0,Arkansas,All Sexes,465.0,3195.0
04/28/2021,03/01/2021,03/31/2021,By Month,2021.0,3.0,Arkansas,All Sexes,190.0,2962.0
04/28/2021,04/01/2021,04/24/2021,By Month,2021.0,4.0,Arkansas,All Sexes,48.0,1397.0
04/28/2021,03/01/2020,03/31/2020,By Month,2020.0,3.0,California,All Sexes,277.0,25120.0
04/28/2021,04/01/2020,04/30/2020,By Month,2020.0,4.0,California,All Sexes,2014.0,25618.0
04/28/2021,05/01/2020,05/31/2020,By Month,2020.0,5.0,California,All Sexes,2235.0,24931.0
04/28/2021,06/01/2020,06/30/2020,By Month,2020.0,6.0,California,All Sexes,2054.0,23974.0
04/28/2021,07/01/2020,07/31/2020,By Month,2020.0,7.0,California,All Sexes,3879.0,27357.0
04/28/2021,08/01/2020,08/31/2020,By Month,2020.0,8.0,California,All Sexes,3744.0,27524.0
04/28/2021,09/01/2020,09/30/2020,By Month,2020.0,9.0,California,All Sexes,2065.0,24474.0
04/28/2021,10/01/2020,10/31/2020,By Month,2020.0,10.0,California,All Sexes,1453.0,24511.0
04/28/2021,11/01/2020,11/30/2020,By Month,2020.0,11.0,California,All Sexes,2555.0,26472.0
04/28/2021,12/01/2020,12/31/2020,By Month,2020.0,12.0,California,All Sexes,13035.0,40871.0
04/28/2021,01/01/2021,01/31/2021,By Month,2021.0,1.0,California,All Sexes,19709.0,47685.0
04/28/2021,02/01/2021,02/28/2021,By Month,2021.0,2.0,California,All Sexes,7494.0,29393.0
04/28/2021,03/01/2021,03/31/2021,By Month,2021.0,3.0,California,All Sexes,2106.0,24489.0
04/28/2021,04/01/2021,04/24/2021,By Month,2021.0,4.0,California,All Sexes,377.0,8879.0
04/28/2021,03/01/2020,03/31/2020,By Month,2020.0,3.0,Colorado,All Sexes,105.0,3793.0
04/28/2021,04/01/2020,04/30/2020,By Month,2020.0,4.0,Colorado,All Sexes,880.0,4557.0
04/28/2021,05/01/2020,05/31/2020,By Month,2020.0,5.0,Colorado,All Sexes,465.0,3860.0
04/28/2021,06/01/2020,06/30/2020,By Month,2020.0,6.0,Colorado,All Sexes,184.0,3591.0
04/28/2021,07/01/2020,07/31/2020,By Month,2020.0,7.0,Colorado,All Sexes,152.0,3627.0
04/28/2021,08/01/2020,08/31/2020,By Month,2020.0,8.0,Colorado,All Sexes,121.0,3673.0
04/28/2021,09/01/2020,09/30/2020,By Month,2020.0,9.0,Colorado,All Sexes,116.0,3445.0
04/28/2021,10/01/2020,10/31/2020,By Month,2020.0,10.0,Colorado,All Sexes,251.0,3801.0
04/28/2021,11/01/2020,11/30/2020,By Month,2020.0,11.0,Colorado,All Sexes,1119.0,4738.0
04/28/2021,12/01/2020,12/31/2020,By Month,2020.0,12.0,Colorado,All Sexes,1678.0,5270.0
04/28/2021,01/01/2021,01/31/2021,By Month,2021.0,1.0,Colorado,All Sexes,750.0,4418.0
04/28/2021,02/01/2021,02/28/2021,By Month,2021.0,2.0,Colorado,All Sexes,332.0,3488.0
04/28/2021,03/01/2021,03/31/2021,By Month,2021.0,3.0,Colorado,All Sexes,197.0,3787.0
04/28/2021,04/01/2021,04/24/2021,By Month,2021.0,4.0,Colorado,All Sexes,70.0,1558.0
04/28/2021,03/01/2020,03/31/2020,By Month,2020.0,3.0,Connecticut,All Sexes,126.0,2980.0
04/28/2021,04/01/2020,04/30/2020,By Month,2020.0,4.0,Connecticut,All Sexes,2444.0,5375.0
04/28/2021,05/01/2020,05/31/2020,By Month,2020.0,5.0,Connecticut,All Sexes,1531.0,4014.0
04/28/2021,06/01/2020,06/30/2020,By Month,2020.0,6.0,Connecticut,All Sexes,283.0,2597.0
04/28/2021,07/01/2020,07/31/2020,By Month,2020.0,7.0,Connecticut,All Sexes,77.0,2530.0
04/28/2021,08/01/2020,08/31/2020,By Month,2020.0,8.0,Connecticut,All Sexes,31.0,2479.0
04/28/2021,09/01/2020,09/30/2020,By Month,2020.0,9.0,Connecticut,All Sexes,42.0,2559.0
04/28/2021,10/01/2020,10/31/2020,By Month,2020.0,10.0,Connecticut,All Sexes,143.0,2801.0
04/28/2021,11/01/2020,11/30/2020,By Month,2020.0,11.0,Connecticut,All Sexes,497.0,3146.0
04/28/2021,12/01/2020,12/31/2020,By Month,2020.0,12.0,Connecticut,All Sexes,1093.0,3852.0
04/28/2021,01/01/2021,01/31/2021,By Month,2021.0,1.0,Connecticut,All Sexes,1002.0,3723.0
04/28/2021,02/01/2021,02/28/2021,By Month,2021.0,2.0,Connecticut,All Sexes,458.0,2779.0
04/28/2021,03/01/2021,03/31/2021,By Month,2021.0,3.0,Connecticut,All Sexes,184.0,2072.0
04/28/2021,04/01/2021,04/24/2021,By Month,2021.0,4.0,Connecticut,All Sexes,18.0,94.0
04/28/2021,04/01/2020,04/30/2020,By Month,2020.0,4.0,Delaware,All Sexes,184.0,1031.0
04/28/2021,05/01/2020,05/31/2020,By Month,2020.0,5.0,Delaware,All Sexes,265.0,1102.0
04/28/2021,06/01/2020,06/30/2020,By Month,2020.0,6.0,Delaware,All Sexes,61.0,802.0
04/28/2021,07/01/2020,07/31/2020,By Month,2020.0,7.0,Delaware,All Sexes,25.0,871.0
04/28/2021,08/01/2020,08/31/2020,By Month,2020.0,8.0,Delaware,All Sexes,18.0,846.0
04/28/2021,09/01/2020,09/30/2020,By Month,2020.0,9.0,Delaware,All Sexes,23.0,827.0
04/28/2021,10/01/2020,10/31/2020,By Month,2020.0,10.0,Delaware,All Sexes,79.0,904.0
04/28/2021,11/01/2020,11/30/2020,By Month,2020.0,11.0,Delaware,All Sexes,82.0,849.0
04/28/2021,12/01/2020,12/31/2020,By Month,2020.0,12.0,Delaware,All Sexes,258.0,1230.0
04/28/2021,01/01/2021,01/31/2021,By Month,2021.0,1.0,Delaware,All Sexes,292.0,1125.0
04/28/2021,02/01/2021,02/28/2021,By Month,2021.0,2.0,Delaware,All Sexes,105.0,752.0
04/28/2021,03/01/2021,03/31/2021,By Month,2021.0,3.0,Delaware,All Sexes,34.0,701.0
04/28/2021,04/01/2021,04/24/2021,By Month,2021.0,4.0,Delaware,All Sexes,19.0,278.0
04/28/2021,03/01/2020,03/31/2020,By Month,2020.0,3.0,District of Columbia,All Sexes,15.0,540.0
04/28/2021,04/01/2020,04/30/2020,By Month,2020.0,4.0,District of Columbia,All Sexes,262.0,899.0
04/28/2021,05/01/2020,05/31/2020,By Month,2020.0,5.0,District of Columbia,All Sexes,272.0,832.0
04/28/2021,06/01/2020,06/30/2020,By Month,2020.0,6.0,District of Columbia,All Sexes,116.0,587.0
04/28/2021,07/01/2020,07/31/2020,By Month,2020.0,7.0,District of Columbia,All Sexes,43.0,565.0
04/28/2021,08/01/2020,08/31/2020,By Month,2020.0,8.0,District of Columbia,All Sexes,37.0,546.0
04/28/2021,09/01/2020,09/30/2020,By Month,2020.0,9.0,District of Columbia,All Sexes,27.0,520.0
04/28/2021,10/01/2020,10/31/2020,By Month,2020.0,10.0,District of Columbia,All Sexes,37.0,561.0
04/28/2021,11/01/2020,11/30/2020,By Month,2020.0,11.0,District of Columbia,All Sexes,61.0,565.0
04/28/2021,12/01/2020,12/31/2020,By Month,2020.0,12.0,District of Columbia,All Sexes,133.0,716.0
04/28/2021,01/01/2021,01/31/2021,By Month,2021.0,1.0,District of Columbia,All Sexes,176.0,752.0
04/28/2021,02/01/2021,02/28/2021,By Month,2021.0,2.0,District of Columbia,All Sexes,119.0,597.0
04/28/2021,03/01/2021,03/31/2021,By Month,2021.0,3.0,District of Columbia,All Sexes,65.0,556.0
04/28/2021,04/01/2021,04/24/2021,By Month,2021.0,4.0,District of Columbia,All Sexes,18.0,182.0
04/28/2021,03/01/2020,03/31/2020,By Month,2020.0,3.0,Florida,All Sexes,190.0,19683.0
04/28/2021,04/01/2020,04/30/2020,By Month,2020.0,4.0,Florida,All Sexes,1310.0,19210.0
04/28/2021,05/01/2020,05/31/2020,By Month,2020.0,5.0,Florida,All Sexes,1131.0,19097.0
04/28/2021,06/01/2020,06/30/2020,By Month,2020.0,6.0,Florida,All Sexes,1082.0,18798.0
04/28/2021,07/01/2020,07/31/2020,By Month,2020.0,7.0,Florida,All Sexes,4974.0,23956.0
04/28/2021,08/01/2020,08/31/2020,By Month,2020.0,8.0,Florida,All Sexes,4776.0,23537.0
04/28/2021,09/01/2020,09/30/2020,By Month,2020.0,9.0,Florida,All Sexes,2012.0,19523.0
04/28/2021,10/01/2020,10/31/2020,By Month,2020.0,10.0,Florida,All Sexes,1406.0,19371.0
04/28/2021,11/01/2020,11/30/2020,By Month,2020.0,11.0,Florida,All Sexes,1761.0,19313.0
04/28/2021,12/01/2020,12/31/2020,By Month,2020.0,12.0,Florida,All Sexes,3134.0,22875.0
04/28/2021,01/01/2021,01/31/2021,By Month,2021.0,1.0,Florida,All Sexes,4971.0,24912.0
04/28/2021,02/01/2021,02/28/2021,By Month,2021.0,2.0,Florida,All Sexes,3149.0,20923.0
04/28/2021,03/01/2021,03/31/2021,By Month,2021.0,3.0,Florida,All Sexes,1764.0,20317.0
04/28/2021,04/01/2021,04/24/2021,By Month,2021.0,4.0,Florida,All Sexes,703.0,9908.0
04/28/2021,03/01/2020,03/31/2020,By Month,2020.0,3.0,Georgia,All Sexes,218.0,8010.0
04/28/2021,04/01/2020,04/30/2020,By Month,2020.0,4.0,Georgia,All Sexes,1077.0,8696.0
04/28/2021,05/01/2020,05/31/2020,By Month,2020.0,5.0,Georgia,All Sexes,797.0,8468.0
04/28/2021,06/01/2020,06/30/2020,By Month,2020.0,6.0,Georgia,All Sexes,512.0,7679.0
04/28/2021,07/01/2020,07/31/2020,By Month,2020.0,7.0,Georgia,All Sexes,1327.0,9269.0
04/28/2021,08/01/2020,08/31/2020,By Month,2020.0,8.0,Georgia,All Sexes,1795.0,9718.0
04/28/2021,09/01/2020,09/30/2020,By Month,2020.0,9.0,Georgia,All Sexes,960.0,8514.0
04/28/2021,10/01/2020,10/31/2020,By Month,2020.0,10.0,Georgia,All Sexes,772.0,8510.0
04/28/2021,11/01/2020,11/30/2020,By Month,2020.0,11.0,Georgia,All Sexes,984.0,8636.0
04/28/2021,12/01/2020,12/31/2020,By Month,2020.0,12.0,Georgia,All Sexes,1880.0,10370.0
04/28/2021,01/01/2021,01/31/2021,By Month,2021.0,1.0,Georgia,All Sexes,3874.0,12641.0
04/28/2021,02/01/2021,02/28/2021,By Month,2021.0,2.0,Georgia,All Sexes,1801.0,8962.0
04/28/2021,03/01/2021,03/31/2021,By Month,2021.0,3.0,Georgia,All Sexes,684.0,7395.0
04/28/2021,04/01/2021,04/24/2021,By Month,2021.0,4.0,Georgia,All Sexes,182.0,2623.0
04/28/2021,04/01/2020,04/30/2020,By Month,2020.0,4.0,Hawaii,All Sexes,16.0,924.0
04/28/2021,08/01/2020,08/31/2020,By Month,2020.0,8.0,Hawaii,All Sexes,74.0,1048.0
04/28/2021,09/01/2020,09/30/2020,By Month,2020.0,9.0,Hawaii,All Sexes,128.0,1068.0
04/28/2021,10/01/2020,10/31/2020,By Month,2020.0,10.0,Hawaii,All Sexes,71.0,1023.0
04/28/2021,11/01/2020,11/30/2020,By Month,2020.0,11.0,Hawaii,All Sexes,31.0,976.0
04/28/2021,12/01/2020,12/31/2020,By Month,2020.0,12.0,Hawaii,All Sexes,35.0,1003.0
04/28/2021,01/01/2021,01/31/2021,By Month,2021.0,1.0,Hawaii,All Sexes,45.0,988.0
04/28/2021,02/01/2021,02/28/2021,By Month,2021.0,2.0,Hawaii,All Sexes,24.0,1000.0
04/28/2021,03/01/2021,03/31/2021,By Month,2021.0,3.0,Hawaii,All Sexes,18.0,1059.0
04/28/2021,03/01/2020,03/31/2020,By Month,2020.0,3.0,Idaho,All Sexes,10.0,1326.0
04/28/2021,04/01/2020,04/30/2020,By Month,2020.0,4.0,Idaho,All Sexes,55.0,1170.0
04/28/2021,05/01/2020,05/31/2020,By Month,2020.0,5.0,Idaho,All Sexes,22.0,1233.0
04/28/2021,06/01/2020,06/30/2020,By Month,2020.0,6.0,Idaho,All Sexes,11.0,1229.0
04/28/2021,07/01/2020,07/31/2020,By Month,2020.0,7.0,Idaho,All Sexes,129.0,1372.0
04/28/2021,08/01/2020,08/31/2020,By Month,2020.0,8.0,Idaho,All Sexes,179.0,1469.0
04/28/2021,09/01/2020,09/30/2020,By Month,2020.0,9.0,Idaho,All Sexes,113.0,1369.0
04/28/2021,10/01/2020,10/31/2020,By Month,2020.0,10.0,Idaho,All Sexes,185.0,1461.0
04/28/2021,11/01/2020,11/30/2020,By Month,2020.0,11.0,Idaho,All Sexes,387.0,1704.0
04/28/2021,12/01/2020,12/31/2020,By Month,2020.0,12.0,Idaho,All Sexes,448.0,1681.0
04/28/2021,01/01/2021,01/31/2021,By Month,2021.0,1.0,Idaho,All Sexes,261.0,1504.0
04/28/2021,02/01/2021,02/28/2021,By Month,2021.0,2.0,Idaho,All Sexes,110.0,1227.0
04/28/2021,03/01/2021,03/31/2021,By Month,2021.0,3.0,Idaho,All Sexes,73.0,1332.0
04/28/2021,04/01/2021,04/24/2021,By Month,2021.0,4.0,Idaho,All Sexes,44.0,648.0
04/28/2021,03/01/2020,03/31/2020,By Month,2020.0,3.0,Illinois,All Sexes,193.0,10101.0
04/28/2021,04/01/2020,04/30/2020,By Month,2020.0,4.0,Illinois,All Sexes,2447.0,12417.0
04/28/2021,05/01/2020,05/31/2020,By Month,2020.0,5.0,Illinois,All Sexes,2822.0,12243.0
04/28/2021,06/01/2020,06/30/2020,By Month,2020.0,6.0,Illinois,All Sexes,1158.0,9726.0
04/28/2021,07/01/2020,07/31/2020,By Month,2020.0,7.0,Illinois,All Sexes,442.0,9322.0
04/28/2021,08/01/2020,08/31/2020,By Month,2020.0,8.0,Illinois,All Sexes,488.0,9500.0
04/28/2021,09/01/2020,09/30/2020,By Month,2020.0,9.0,Illinois,All Sexes,549.0,9232.0
04/28/2021,10/01/2020,10/31/2020,By Month,2020.0,10.0,Illinois,All Sexes,1077.0,10274.0
04/28/2021,11/01/2020,11/30/2020,By Month,2020.0,11.0,Illinois,All Sexes,3334.0,12838.0
04/28/2021,12/01/2020,12/31/2020,By Month,2020.0,12.0,Illinois,All Sexes,4167.0,14068.0
04/28/2021,01/01/2021,01/31/2021,By Month,2021.0,1.0,Illinois,All Sexes,2387.0,11928.0
04/28/2021,02/01/2021,02/28/2021,By Month,2021.0,2.0,Illinois,All Sexes,1045.0,9729.0
04/28/2021,03/01/2021,03/31/2021,By Month,2021.0,3.0,Illinois,All Sexes,517.0,9294.0
04/28/2021,04/01/2021,04/24/2021,By Month,2021.0,4.0,Illinois,All Sexes,324.0,4882.0
04/28/2021,03/01/2020,03/31/2020,By Month,2020.0,3.0,Indiana,All Sexes,125.0,6262.0
04/28/2021,04/01/2020,04/30/2020,By Month,2020.0,4.0,Indiana,All Sexes,1140.0,6743.0
04/28/2021,05/01/2020,05/31/2020,By Month,2020.0,5.0,Indiana,All Sexes,957.0,6631.0
04/28/2021,06/01/2020,06/30/2020,By Month,2020.0,6.0,Indiana,All Sexes,467.0,5929.0
04/28/2021,07/01/2020,07/31/2020,By Month,2020.0,7.0,Indiana,All Sexes,331.0,5989.0
04/28/2021,08/01/2020,08/31/2020,By Month,2020.0,8.0,Indiana,All Sexes,385.0,5971.0
04/28/2021,09/01/2020,09/30/2020,By Month,2020.0,9.0,Indiana,All Sexes,411.0,5887.0
04/28/2021,10/01/2020,10/31/2020,By Month,2020.0,10.0,Indiana,All Sexes,877.0,6689.0
04/28/2021,11/01/2020,11/30/2020,By Month,2020.0,11.0,Indiana,All Sexes,2010.0,7820.0
04/28/2021,12/01/2020,12/31/2020,By Month,2020.0,12.0,Indiana,All Sexes,2939.0,8909.0
04/28/2021,01/01/2021,01/31/2021,By Month,2021.0,1.0,Indiana,All Sexes,1990.0,7794.0
04/28/2021,02/01/2021,02/28/2021,By Month,2021.0,2.0,Indiana,All Sexes,661.0,5240.0
04/28/2021,03/01/2021,03/31/2021,By Month,2021.0,3.0,Indiana,All Sexes,232.0,4412.0
04/28/2021,04/01/2021,04/24/2021,By Month,2021.0,4.0,Indiana,All Sexes,80.0,1754.0
04/28/2021,03/01/2020,03/31/2020,By Month,2020.0,3.0,Iowa,All Sexes,10.0,2698.0
04/28/2021,04/01/2020,04/30/2020,By Month,2020.0,4.0,Iowa,All Sexes,171.0,2660.0
04/28/2021,05/01/2020,05/31/2020,By Month,2020.0,5.0,Iowa,All Sexes,416.0,2896.0
04/28/2021,06/01/2020,06/30/2020,By Month,2020.0,6.0,Iowa,All Sexes,158.0,2505.0
04/28/2021,07/01/2020,07/31/2020,By Month,2020.0,7.0,Iowa,All Sexes,174.0,2697.0
04/28/2021,08/01/2020,08/31/2020,By Month,2020.0,8.0,Iowa,All Sexes,273.0,2888.0
04/28/2021,09/01/2020,09/30/2020,By Month,2020.0,9.0,Iowa,All Sexes,250.0,2739.0
04/28/2021,10/01/2020,10/31/2020,By Month,2020.0,10.0,Iowa,All Sexes,522.0,3232.0
04/28/2021,11/01/2020,11/30/2020,By Month,2020.0,11.0,Iowa,All Sexes,1515.0,4028.0
04/28/2021,12/01/2020,12/31/2020,By Month,2020.0,12.0,Iowa,All Sexes,1275.0,3871.0
04/28/2021,01/01/2021,01/31/2021,By Month,2021.0,1.0,Iowa,All Sexes,701.0,3232.0
04/28/2021,02/01/2021,02/28/2021,By Month,2021.0,2.0,Iowa,All Sexes,273.0,2486.0
04/28/2021,03/01/2021,03/31/2021,By Month,2021.0,3.0,Iowa,All Sexes,150.0,2309.0
04/28/2021,04/01/2021,04/24/2021,By Month,2021.0,4.0,Iowa,All Sexes,49.0,1071.0
04/28/2021,03/01/2020,03/31/2020,By Month,2020.0,3.0,Kansas,All Sexes,14.0,2366.0
04/28/2021,04/01/2020,04/30/2020,By Month,2020.0,4.0,Kansas,All Sexes,127.0,2294.0
04/28/2021,05/01/2020,05/31/2020,By Month,2020.0,5.0,Kansas,All Sexes,101.0,2298.0
04/28/2021,06/01/2020,06/30/2020,By Month,2020.0,6.0,Kansas,All Sexes,66.0,2199.0
04/28/2021,07/01/2020,07/31/2020,By Month,2020.0,7.0,Kansas,All Sexes,115.0,2358.0
04/28/2021,08/01/2020,08/31/2020,By Month,2020.0,8.0,Kansas,All Sexes,184.0,2458.0
04/28/2021,09/01/2020,09/30/2020,By Month,2020.0,9.0,Kansas,All Sexes,230.0,2464.0
04/28/2021,10/01/2020,10/31/2020,By Month,2020.0,10.0,Kansas,All Sexes,418.0,2759.0
04/28/2021,11/01/2020,11/30/2020,By Month,2020.0,11.0,Kansas,All Sexes,900.0,3231.0
04/28/2021,12/01/2020,12/31/2020,By Month,2020.0,12.0,Kansas,All Sexes,1332.0,3868.0
04/28/2021,01/01/2021,01/31/2021,By Month,2021.0,1.0,Kansas,All Sexes,911.0,3258.0
04/28/2021,02/01/2021,02/28/2021,By Month,2021.0,2.0,Kansas,All Sexes,275.0,2416.0
04/28/2021,03/01/2021,03/31/2021,By Month,2021.0,3.0,Kansas,All Sexes,121.0,2283.0
04/28/2021,04/01/2021,04/24/2021,By Month,2021.0,4.0,Kansas,All Sexes,36.0,1170.0
04/28/2021,03/01/2020,03/31/2020,By Month,2020.0,3.0,Kentucky,All Sexes,28.0,4324.0
04/28/2021,04/01/2020,04/30/2020,By Month,2020.0,4.0,Kentucky,All Sexes,246.0,4289.0
04/28/2021,05/01/2020,05/31/2020,By Month,2020.0,5.0,Kentucky,All Sexes,224.0,4414.0
04/28/2021,06/01/2020,06/30/2020,By Month,2020.0,6.0,Kentucky,All Sexes,155.0,4118.0
04/28/2021,07/01/2020,07/31/2020,By Month,2020.0,7.0,Kentucky,All Sexes,182.0,4424.0
04/28/2021,08/01/2020,08/31/2020,By Month,2020.0,8.0,Kentucky,All Sexes,303.0,4543.0
04/28/2021,09/01/2020,09/30/2020,By Month,2020.0,9.0,Kentucky,All Sexes,294.0,4401.0
04/28/2021,10/01/2020,10/31/2020,By Month,2020.0,10.0,Kentucky,All Sexes,502.0,4938.0
04/28/2021,11/01/2020,11/30/2020,By Month,2020.0,11.0,Kentucky,All Sexes,1043.0,5338.0
04/28/2021,12/01/2020,12/31/2020,By Month,2020.0,12.0,Kentucky,All Sexes,1614.0,6253.0
04/28/2021,01/01/2021,01/31/2021,By Month,2021.0,1.0,Kentucky,All Sexes,1352.0,5788.0
04/28/2021,02/01/2021,02/28/2021,By Month,2021.0,2.0,Kentucky,All Sexes,721.0,4418.0
04/28/2021,03/01/2021,03/31/2021,By Month,2021.0,3.0,Kentucky,All Sexes,340.0,3990.0
04/28/2021,04/01/2021,04/24/2021,By Month,2021.0,4.0,Kentucky,All Sexes,65.0,1258.0
04/28/2021,03/01/2020,03/31/2020,By Month,2020.0,3.0,Louisiana,All Sexes,396.0,4756.0
04/28/2021,04/01/2020,04/30/2020,By Month,2020.0,4.0,Louisiana,All Sexes,1626.0,5773.0
04/28/2021,05/01/2020,05/31/2020,By Month,2020.0,5.0,Louisiana,All Sexes,741.0,4791.0
04/28/2021,06/01/2020,06/30/2020,By Month,2020.0,6.0,Louisiana,All Sexes,360.0,4268.0
04/28/2021,07/01/2020,07/31/2020,By Month,2020.0,7.0,Louisiana,All Sexes,764.0,4998.0
04/28/2021,08/01/2020,08/31/2020,By Month,2020.0,8.0,Louisiana,All Sexes,884.0,5173.0
04/28/2021,09/01/2020,09/30/2020,By Month,2020.0,9.0,Louisiana,All Sexes,419.0,4419.0
04/28/2021,10/01/2020,10/31/2020,By Month,2020.0,10.0,Louisiana,All Sexes,340.0,4422.0
04/28/2021,11/01/2020,11/30/2020,By Month,2020.0,11.0,Louisiana,All Sexes,485.0,4538.0
04/28/2021,12/01/2020,12/31/2020,By Month,2020.0,12.0,Louisiana,All Sexes,1019.0,5345.0
04/28/2021,01/01/2021,01/31/2021,By Month,2021.0,1.0,Louisiana,All Sexes,1306.0,5795.0
04/28/2021,02/01/2021,02/28/2021,By Month,2021.0,2.0,Louisiana,All Sexes,595.0,4397.0
04/28/2021,03/01/2021,03/31/2021,By Month,2021.0,3.0,Louisiana,All Sexes,289.0,3659.0
04/28/2021,04/01/2021,04/24/2021,By Month,2021.0,4.0,Louisiana,All Sexes,55.0,1237.0
04/28/2021,04/01/2020,04/30/2020,By Month,2020.0,4.0,Maine,All Sexes,51.0,1257.0
04/28/2021,05/01/2020,05/31/2020,By Month,2020.0,5.0,Maine,All Sexes,43.0,1241.0
04/28/2021,06/01/2020,06/30/2020,By Month,2020.0,6.0,Maine,All Sexes,14.0,1168.0
04/28/2021,07/01/2020,07/31/2020,By Month,2020.0,7.0,Maine,All Sexes,24.0,1269.0
04/28/2021,08/01/2020,08/31/2020,By Month,2020.0,8.0,Maine,All Sexes,10.0,1268.0
04/28/2021,09/01/2020,09/30/2020,By Month,2020.0,9.0,Maine,All Sexes,13.0,1303.0
04/28/2021,10/01/2020,10/31/2020,By Month,2020.0,10.0,Maine,All Sexes,10.0,1252.0
04/28/2021,11/01/2020,11/30/2020,By Month,2020.0,11.0,Maine,All Sexes,89.0,1405.0
04/28/2021,12/01/2020,12/31/2020,By Month,2020.0,12.0,Maine,All Sexes,204.0,1526.0
04/28/2021,01/01/2021,01/31/2021,By Month,2021.0,1.0,Maine,All Sexes,243.0,1533.0
04/28/2021,02/01/2021,02/28/2021,By Month,2021.0,2.0,Maine,All Sexes,92.0,1201.0
04/28/2021,03/01/2021,03/31/2021,By Month,2021.0,3.0,Maine,All Sexes,39.0,1258.0
04/28/2021,04/01/2021,04/24/2021,By Month,2021.0,4.0,Maine,All Sexes,32.0,785.0
04/28/2021,03/01/2020,03/31/2020,By Month,2020.0,3.0,Maryland,All Sexes,47.0,4701.0
04/28/2021,04/01/2020,04/30/2020,By Month,2020.0,4.0,Maryland,All Sexes,1279.0,6047.0
04/28/2021,05/01/2020,05/31/2020,By Month,2020.0,5.0,Maryland,All Sexes,1541.0,6081.0
04/28/2021,06/01/2020,06/30/2020,By Month,2020.0,6.0,Maryland,All Sexes,674.0,4699.0
04/28/2021,07/01/2020,07/31/2020,By Month,2020.0,7.0,Maryland,All Sexes,320.0,4558.0
04/28/2021,08/01/2020,08/31/2020,By Month,2020.0,8.0,Maryland,All Sexes,274.0,4574.0
04/28/2021,09/01/2020,09/30/2020,By Month,2020.0,9.0,Maryland,All Sexes,198.0,4401.0
04/28/2021,10/01/2020,10/31/2020,By Month,2020.0,10.0,Maryland,All Sexes,245.0,4776.0
04/28/2021,11/01/2020,11/30/2020,By Month,2020.0,11.0,Maryland,All Sexes,636.0,4941.0
04/28/2021,12/01/2020,12/31/2020,By Month,2020.0,12.0,Maryland,All Sexes,1512.0,6114.0
04/28/2021,01/01/2021,01/31/2021,By Month,2021.0,1.0,Maryland,All Sexes,1413.0,6066.0
04/28/2021,02/01/2021,02/28/2021,By Month,2021.0,2.0,Maryland,All Sexes,826.0,4870.0
04/28/2021,03/01/2021,03/31/2021,By Month,2021.0,3.0,Maryland,All Sexes,462.0,4828.0
04/28/2021,04/01/2021,04/24/2021,By Month,2021.0,4.0,Maryland,All Sexes,263.0,2490.0
04/28/2021,03/01/2020,03/31/2020,By Month,2020.0,3.0,Massachusetts,All Sexes,126.0,5575.0
04/28/2021,04/01/2020,04/30/2020,By Month,2020.0,4.0,Massachusetts,All Sexes,3928.0,9675.0
04/28/2021,05/01/2020,05/31/2020,By Month,2020.0,5.0,Massachusetts,All Sexes,3039.0,7745.0
04/28/2021,06/01/2020,06/30/2020,By Month,2020.0,6.0,Massachusetts,All Sexes,634.0,4812.0
04/28/2021,07/01/2020,07/31/2020,By Month,2020.0,7.0,Massachusetts,All Sexes,195.0,4702.0
04/28/2021,08/01/2020,08/31/2020,By Month,2020.0,8.0,Massachusetts,All Sexes,117.0,4561.0
04/28/2021,09/01/2020,09/30/2020,By Month,2020.0,9.0,Massachusetts,All Sexes,101.0,4600.0
04/28/2021,10/01/2020,10/31/2020,By Month,2020.0,10.0,Massachusetts,All Sexes,197.0,4989.0
04/28/2021,11/01/2020,11/30/2020,By Month,2020.0,11.0,Massachusetts,All Sexes,481.0,5271.0
04/28/2021,12/01/2020,12/31/2020,By Month,2020.0,12.0,Massachusetts,All Sexes,1351.0,6388.0
04/28/2021,01/01/2021,01/31/2021,By Month,2021.0,1.0,Massachusetts,All Sexes,1634.0,6581.0
04/28/2021,02/01/2021,02/28/2021,By Month,2021.0,2.0,Massachusetts,All Sexes,782.0,5383.0
04/28/2021,03/01/2021,03/31/2021,By Month,2021.0,3.0,Massachusetts,All Sexes,393.0,5149.0
04/28/2021,04/01/2021,04/24/2021,By Month,2021.0,4.0,Massachusetts,All Sexes,149.0,2827.0
04/28/2021,03/01/2020,03/31/2020,By Month,2020.0,3.0,Michigan,All Sexes,494.0,9665.0
04/28/2021,04/01/2020,04/30/2020,By Month,2020.0,4.0,Michigan,All Sexes,3619.0,13085.0
04/28/2021,05/01/2020,05/31/2020,By Month,2020.0,5.0,Michigan,All Sexes,1292.0,9329.0
04/28/2021,06/01/2020,06/30/2020,By Month,2020.0,6.0,Michigan,All Sexes,297.0,8270.0
04/28/2021,07/01/2020,07/31/2020,By Month,2020.0,7.0,Michigan,All Sexes,189.0,8485.0
04/28/2021,08/01/2020,08/31/2020,By Month,2020.0,8.0,Michigan,All Sexes,242.0,8555.0
04/28/2021,09/01/2020,09/30/2020,By Month,2020.0,9.0,Michigan,All Sexes,227.0,8431.0
04/28/2021,10/01/2020,10/31/2020,By Month,2020.0,10.0,Michigan,All Sexes,585.0,9442.0
04/28/2021,11/01/2020,11/30/2020,By Month,2020.0,11.0,Michigan,All Sexes,2101.0,10805.0
04/28/2021,12/01/2020,12/31/2020,By Month,2020.0,12.0,Michigan,All Sexes,3200.0,12195.0
04/28/2021,01/01/2021,01/31/2021,By Month,2021.0,1.0,Michigan,All Sexes,1712.0,10330.0
04/28/2021,02/01/2021,02/28/2021,By Month,2021.0,2.0,Michigan,All Sexes,670.0,8422.0
04/28/2021,03/01/2021,03/31/2021,By Month,2021.0,3.0,Michigan,All Sexes,535.0,8553.0
04/28/2021,04/01/2021,04/24/2021,By Month,2021.0,4.0,Michigan,All Sexes,734.0,4450.0
04/28/2021,03/01/2020,03/31/2020,By Month,2020.0,3.0,Minnesota,All Sexes,21.0,4052.0
04/28/2021,04/01/2020,04/30/2020,By Month,2020.0,4.0,Minnesota,All Sexes,396.0,4168.0
04/28/2021,05/01/2020,05/31/2020,By Month,2020.0,5.0,Minnesota,All Sexes,704.0,4522.0
04/28/2021,06/01/2020,06/30/2020,By Month,2020.0,6.0,Minnesota,All Sexes,370.0,4026.0
04/28/2021,07/01/2020,07/31/2020,By Month,2020.0,7.0,Minnesota,All Sexes,154.0,3819.0
04/28/2021,08/01/2020,08/31/2020,By Month,2020.0,8.0,Minnesota,All Sexes,213.0,3979.0
04/28/2021,09/01/2020,09/30/2020,By Month,2020.0,9.0,Minnesota,All Sexes,241.0,3943.0
04/28/2021,10/01/2020,10/31/2020,By Month,2020.0,10.0,Minnesota,All Sexes,495.0,4462.0
04/28/2021,11/01/2020,11/30/2020,By Month,2020.0,11.0,Minnesota,All Sexes,1474.0,5449.0
04/28/2021,12/01/2020,12/31/2020,By Month,2020.0,12.0,Minnesota,All Sexes,1757.0,5653.0
04/28/2021,01/01/2021,01/31/2021,By Month,2021.0,1.0,Minnesota,All Sexes,805.0,4565.0
04/28/2021,02/01/2021,02/28/2021,By Month,2021.0,2.0,Minnesota,All Sexes,300.0,3702.0
04/28/2021,03/01/2021,03/31/2021,By Month,2021.0,3.0,Minnesota,All Sexes,201.0,3613.0
04/28/2021,04/01/2021,04/24/2021,By Month,2021.0,4.0,Minnesota,All Sexes,124.0,1868.0
04/28/2021,03/01/2020,03/31/2020,By Month,2020.0,3.0,Mississippi,All Sexes,33.0,2893.0
04/28/2021,04/01/2020,04/30/2020,By Month,2020.0,4.0,Mississippi,All Sexes,299.0,3116.0
04/28/2021,05/01/2020,05/31/2020,By Month,2020.0,5.0,Mississippi,All Sexes,455.0,3334.0
04/28/2021,06/01/2020,06/30/2020,By Month,2020.0,6.0,Mississippi,All Sexes,320.0,3090.0
04/28/2021,07/01/2020,07/31/2020,By Month,2020.0,7.0,Mississippi,All Sexes,670.0,3627.0
04/28/2021,08/01/2020,08/31/2020,By Month,2020.0,8.0,Mississippi,All Sexes,800.0,3718.0
04/28/2021,09/01/2020,09/30/2020,By Month,2020.0,9.0,Mississippi,All Sexes,453.0,3133.0
04/28/2021,10/01/2020,10/31/2020,By Month,2020.0,10.0,Mississippi,All Sexes,365.0,3205.0
04/28/2021,11/01/2020,11/30/2020,By Month,2020.0,11.0,Mississippi,All Sexes,581.0,3388.0
04/28/2021,12/01/2020,12/31/2020,By Month,2020.0,12.0,Mississippi,All Sexes,1112.0,4244.0
04/28/2021,01/01/2021,01/31/2021,By Month,2021.0,1.0,Mississippi,All Sexes,1308.0,4424.0
04/28/2021,02/01/2021,02/28/2021,By Month,2021.0,2.0,Mississippi,All Sexes,563.0,3230.0
04/28/2021,03/01/2021,03/31/2021,By Month,2021.0,3.0,Mississippi,All Sexes,257.0,2905.0
04/28/2021,04/01/2021,04/24/2021,By Month,2021.0,4.0,Mississippi,All Sexes,72.0,1255.0
04/28/2021,03/01/2020,03/31/2020,By Month,2020.0,3.0,Missouri,All Sexes,32.0,5845.0
04/28/2021,04/01/2020,04/30/2020,By Month,2020.0,4.0,Missouri,All Sexes,458.0,6045.0
04/28/2021,05/01/2020,05/31/2020,By Month,2020.0,5.0,Missouri,All Sexes,403.0,5895.0
04/28/2021,06/01/2020,06/30/2020,By Month,2020.0,6.0,Missouri,All Sexes,195.0,5419.0
04/28/2021,07/01/2020,07/31/2020,By Month,2020.0,7.0,Missouri,All Sexes,267.0,5907.0
04/28/2021,08/01/2020,08/31/2020,By Month,2020.0,8.0,Missouri,All Sexes,477.0,6143.0
04/28/2021,09/01/2020,09/30/2020,By Month,2020.0,9.0,Missouri,All Sexes,667.0,6146.0
04/28/2021,10/01/2020,10/31/2020,By Month,2020.0,10.0,Missouri,All Sexes,1099.0,6897.0
04/28/2021,11/01/2020,11/30/2020,By Month,2020.0,11.0,Missouri,All Sexes,2039.0,7941.0
04/28/2021,12/01/2020,12/31/2020,By Month,2020.0,12.0,Missouri,All Sexes,2313.0,8478.0
04/28/2021,01/01/2021,01/31/2021,By Month,2021.0,1.0,Missouri,All Sexes,1691.0,7528.0
04/28/2021,02/01/2021,02/28/2021,By Month,2021.0,2.0,Missouri,All Sexes,608.0,5691.0
04/28/2021,03/01/2021,03/31/2021,By Month,2021.0,3.0,Missouri,All Sexes,290.0,5297.0
04/28/2021,04/01/2021,04/24/2021,By Month,2021.0,4.0,Missouri,All Sexes,76.0,2177.0
04/28/2021,04/01/2020,04/30/2020,By Month,2020.0,4.0,Montana,All Sexes,11.0,841.0
04/28/2021,07/01/2020,07/31/2020,By Month,2020.0,7.0,Montana,All Sexes,44.0,898.0
04/28/2021,08/01/2020,08/31/2020,By Month,2020.0,8.0,Montana,All Sexes,50.0,946.0
04/28/2021,09/01/2020,09/30/2020,By Month,2020.0,9.0,Montana,All Sexes,93.0,977.0
04/28/2021,10/01/2020,10/31/2020,By Month,2020.0,10.0,Montana,All Sexes,279.0,1290.0
04/28/2021,11/01/2020,11/30/2020,By Month,2020.0,11.0,Montana,All Sexes,406.0,1324.0
04/28/2021,12/01/2020,12/31/2020,By Month,2020.0,12.0,Montana,All Sexes,375.0,1287.0
04/28/2021,01/01/2021,01/31/2021,By Month,2021.0,1.0,Montana,All Sexes,178.0,1048.0
04/28/2021,02/01/2021,02/28/2021,By Month,2021.0,2.0,Montana,All Sexes,75.0,866.0
04/28/2021,03/01/2021,03/31/2021,By Month,2021.0,3.0,Montana,All Sexes,57.0,862.0
04/28/2021,04/01/2020,04/30/2020,By Month,2020.0,4.0,Nebraska,All Sexes,76.0,1461.0
04/28/2021,05/01/2020,05/31/2020,By Month,2020.0,5.0,Nebraska,All Sexes,111.0,1563.0
04/28/2021,06/01/2020,06/30/2020,By Month,2020.0,6.0,Nebraska,All Sexes,92.0,1424.0
04/28/2021,07/01/2020,07/31/2020,By Month,2020.0,7.0,Nebraska,All Sexes,48.0,1483.0
04/28/2021,08/01/2020,08/31/2020,By Month,2020.0,8.0,Nebraska,All Sexes,101.0,1580.0
04/28/2021,09/01/2020,09/30/2020,By Month,2020.0,9.0,Nebraska,All Sexes,117.0,1501.0
04/28/2021,10/01/2020,10/31/2020,By Month,2020.0,10.0,Nebraska,All Sexes,281.0,1833.0
04/28/2021,11/01/2020,11/30/2020,By Month,2020.0,11.0,Nebraska,All Sexes,798.0,2319.0
04/28/2021,12/01/2020,12/31/2020,By Month,2020.0,12.0,Nebraska,All Sexes,623.0,2077.0
04/28/2021,01/01/2021,01/31/2021,By Month,2021.0,1.0,Nebraska,All Sexes,345.0,1803.0
04/28/2021,02/01/2021,02/28/2021,By Month,2021.0,2.0,Nebraska,All Sexes,119.0,1326.0
04/28/2021,03/01/2021,03/31/2021,By Month,2021.0,3.0,Nebraska,All Sexes,75.0,1432.0
04/28/2021,04/01/2021,04/24/2021,By Month,2021.0,4.0,Nebraska,All Sexes,21.0,630.0
04/28/2021,03/01/2020,03/31/2020,By Month,2020.0,3.0,Nevada,All Sexes,35.0,2349.0
04/28/2021,04/01/2020,04/30/2020,By Month,2020.0,4.0,Nevada,All Sexes,228.0,2438.0
04/28/2021,05/01/2020,05/31/2020,By Month,2020.0,5.0,Nevada,All Sexes,162.0,2360.0
04/28/2021,06/01/2020,06/30/2020,By Month,2020.0,6.0,Nevada,All Sexes,91.0,2325.0
04/28/2021,07/01/2020,07/31/2020,By Month,2020.0,7.0,Nevada,All Sexes,366.0,2768.0
04/28/2021,08/01/2020,08/31/2020,By Month,2020.0,8.0,Nevada,All Sexes,474.0,2928.0
04/28/2021,09/01/2020,09/30/2020,By Month,2020.0,9.0,Nevada,All Sexes,228.0,2396.0
04/28/2021,10/01/2020,10/31/2020,By Month,2020.0,10.0,Nevada,All Sexes,179.0,2465.0
04/28/2021,11/01/2020,11/30/2020,By Month,2020.0,11.0,Nevada,All Sexes,523.0,2810.0
04/28/2021,12/01/2020,12/31/2020,By Month,2020.0,12.0,Nevada,All Sexes,1238.0,3791.0
04/28/2021,01/01/2021,01/31/2021,By Month,2021.0,1.0,Nevada,All Sexes,1168.0,3649.0
04/28/2021,02/01/2021,02/28/2021,By Month,2021.0,2.0,Nevada,All Sexes,550.0,2660.0
04/28/2021,03/01/2021,03/31/2021,By Month,2021.0,3.0,Nevada,All Sexes,209.0,2462.0
04/28/2021,04/01/2021,04/24/2021,By Month,2021.0,4.0,Nevada,All Sexes,63.0,1061.0
04/28/2021,03/01/2020,03/31/2020,By Month,2020.0,3.0,New Hampshire,All Sexes,10.0,1116.0
04/28/2021,04/01/2020,04/30/2020,By Month,2020.0,4.0,New Hampshire,All Sexes,83.0,1125.0
04/28/2021,05/01/2020,05/31/2020,By Month,2020.0,5.0,New Hampshire,All Sexes,180.0,1202.0
04/28/2021,06/01/2020,06/30/2020,By Month,2020.0,6.0,New Hampshire,All Sexes,100.0,1116.0
04/28/2021,07/01/2020,07/31/2020,By Month,2020.0,7.0,New Hampshire,All Sexes,33.0,1115.0
04/28/2021,08/01/2020,08/31/2020,By Month,2020.0,8.0,New Hampshire,All Sexes,14.0,1024.0
04/28/2021,10/01/2020,10/31/2020,By Month,2020.0,10.0,New Hampshire,All Sexes,42.0,1078.0
04/28/2021,11/01/2020,11/30/2020,By Month,2020.0,11.0,New Hampshire,All Sexes,70.0,1178.0
04/28/2021,12/01/2020,12/31/2020,By Month,2020.0,12.0,New Hampshire,All Sexes,276.0,1376.0
04/28/2021,01/01/2021,01/31/2021,By Month,2021.0,1.0,New Hampshire,All Sexes,311.0,1410.0
04/28/2021,02/01/2021,02/28/2021,By Month,2021.0,2.0,New Hampshire,All Sexes,87.0,1037.0
04/28/2021,03/01/2021,03/31/2021,By Month,2021.0,3.0,New Hampshire,All Sexes,49.0,1025.0
04/28/2021,04/01/2021,04/24/2021,By Month,2021.0,4.0,New Hampshire,All Sexes,19.0,620.0
04/28/2021,03/01/2020,03/31/2020,By Month,2020.0,3.0,New Jersey,All Sexes,686.0,7948.0
04/28/2021,04/01/2020,04/30/2020,By Month,2020.0,4.0,New Jersey,All Sexes,8955.0,18060.0
04/28/2021,05/01/2020,05/31/2020,By Month,2020.0,5.0,New Jersey,All Sexes,3355.0,9615.0
04/28/2021,06/01/2020,06/30/2020,By Month,2020.0,6.0,New Jersey,All Sexes,835.0,6294.0
04/28/2021,07/01/2020,07/31/2020,By Month,2020.0,7.0,New Jersey,All Sexes,329.0,6092.0
04/28/2021,08/01/2020,08/31/2020,By Month,2020.0,8.0,New Jersey,All Sexes,168.0,5937.0
04/28/2021,09/01/2020,09/30/2020,By Month,2020.0,9.0,New Jersey,All Sexes,143.0,5881.0
04/28/2021,10/01/2020,10/31/2020,By Month,2020.0,10.0,New Jersey,All Sexes,276.0,6229.0
04/28/2021,11/01/2020,11/30/2020,By Month,2020.0,11.0,New Jersey,All Sexes,935.0,7088.0
04/28/2021,12/01/2020,12/31/2020,By Month,2020.0,12.0,New Jersey,All Sexes,2377.0,9168.0
04/28/2021,01/01/2021,01/31/2021,By Month,2021.0,1.0,New Jersey,All Sexes,2432.0,9058.0
04/28/2021,02/01/2021,02/28/2021,By Month,2021.0,2.0,New Jersey,All Sexes,1417.0,7424.0
04/28/2021,03/01/2021,03/31/2021,By Month,2021.0,3.0,New Jersey,All Sexes,999.0,7169.0
04/28/2021,04/01/2021,04/24/2021,By Month,2021.0,4.0,New Jersey,All Sexes,568.0,3941.0
04/28/2021,04/01/2020,04/30/2020,By Month,2020.0,4.0,New Mexico,All Sexes,162.0,1749.0
04/28/2021,05/01/2020,05/31/2020,By Month,2020.0,5.0,New Mexico,All Sexes,263.0,1941.0
04/28/2021,06/01/2020,06/30/2020,By Month,2020.0,6.0,New Mexico,All Sexes,127.0,1809.0
04/28/2021,07/01/2020,07/31/2020,By Month,2020.0,7.0,New Mexico,All Sexes,166.0,1846.0
04/28/2021,08/01/2020,08/31/2020,By Month,2020.0,8.0,New Mexico,All Sexes,97.0,1797.0
04/28/2021,09/01/2020,09/30/2020,By Month,2020.0,9.0,New Mexico,All Sexes,53.0,1663.0
04/28/2021,10/01/2020,10/31/2020,By Month,2020.0,10.0,New Mexico,All Sexes,162.0,1846.0
04/28/2021,11/01/2020,11/30/2020,By Month,2020.0,11.0,New Mexico,All Sexes,787.0,2446.0
04/28/2021,12/01/2020,12/31/2020,By Month,2020.0,12.0,New Mexico,All Sexes,1016.0,2828.0
04/28/2021,01/01/2021,01/31/2021,By Month,2021.0,1.0,New Mexico,All Sexes,671.0,2320.0
04/28/2021,02/01/2021,02/28/2021,By Month,2021.0,2.0,New Mexico,All Sexes,266.0,1659.0
04/28/2021,03/01/2021,03/31/2021,By Month,2021.0,3.0,New Mexico,All Sexes,131.0,1647.0
04/28/2021,04/01/2021,04/24/2021,By Month,2021.0,4.0,New Mexico,All Sexes,30.0,678.0
04/28/2021,03/01/2020,03/31/2020,By Month,2020.0,3.0,New York,All Sexes,689.0,10155.0
04/28/2021,04/01/2020,04/30/2020,By Month,2020.0,4.0,New York,All Sexes,7228.0,17454.0
04/28/2021,05/01/2020,05/31/2020,By Month,2020.0,5.0,New York,All Sexes,2700.0,10805.0
04/28/2021,06/01/2020,06/30/2020,By Month,2020.0,6.0,New York,All Sexes,627.0,8211.0
04/28/2021,07/01/2020,07/31/2020,By Month,2020.0,7.0,New York,All Sexes,234.0,8254.0
04/28/2021,08/01/2020,08/31/2020,By Month,2020.0,8.0,New York,All Sexes,142.0,8153.0
04/28/2021,09/01/2020,09/30/2020,By Month,2020.0,9.0,New York,All Sexes,119.0,8252.0
04/28/2021,10/01/2020,10/31/2020,By Month,2020.0,10.0,New York,All Sexes,287.0,8770.0
04/28/2021,11/01/2020,11/30/2020,By Month,2020.0,11.0,New York,All Sexes,924.0,9354.0
04/28/2021,12/01/2020,12/31/2020,By Month,2020.0,12.0,New York,All Sexes,3103.0,12123.0
04/28/2021,01/01/2021,01/31/2021,By Month,2021.0,1.0,New York,All Sexes,4317.0,13320.0
04/28/2021,02/01/2021,02/28/2021,By Month,2021.0,2.0,New York,All Sexes,2186.0,10047.0
04/28/2021,03/01/2021,03/31/2021,By Month,2021.0,3.0,New York,All Sexes,1129.0,9360.0
04/28/2021,04/01/2021,04/24/2021,By Month,2021.0,4.0,New York,All Sexes,578.0,5491.0
04/28/2021,03/01/2020,03/31/2020,By Month,2020.0,3.0,New York City,All Sexes,2176.0,8672.0
04/28/2021,04/01/2020,04/30/2020,By Month,2020.0,4.0,New York City,All Sexes,14900.0,24014.0
04/28/2021,05/01/2020,05/31/2020,By Month,2020.0,5.0,New York City,All Sexes,2849.0,7031.0
04/28/2021,06/01/2020,06/30/2020,By Month,2020.0,6.0,New York City,All Sexes,489.0,4545.0
04/28/2021,07/01/2020,07/31/2020,By Month,2020.0,7.0,New York City,All Sexes,197.0,4426.0
04/28/2021,08/01/2020,08/31/2020,By Month,2020.0,8.0,New York City,All Sexes,105.0,4311.0
04/28/2021,09/01/2020,09/30/2020,By Month,2020.0,9.0,New York City,All Sexes,98.0,4232.0
04/28/2021,10/01/2020,10/31/2020,By Month,2020.0,10.0,New York City,All Sexes,148.0,4566.0
04/28/2021,11/01/2020,11/30/2020,By Month,2020.0,11.0,New York City,All Sexes,293.0,4747.0
04/28/2021,12/01/2020,12/31/2020,By Month,2020.0,12.0,New York City,All Sexes,960.0,5814.0
04/28/2021,01/01/2021,01/31/2021,By Month,2021.0,1.0,New York City,All Sexes,1910.0,6811.0
04/28/2021,02/01/2021,02/28/2021,By Month,2021.0,2.0,New York City,All Sexes,1896.0,6276.0
04/28/2021,03/01/2021,03/31/2021,By Month,2021.0,3.0,New York City,All Sexes,1530.0,6238.0
04/28/2021,04/01/2021,04/24/2021,By Month,2021.0,4.0,New York City,All Sexes,739.0,3499.0
04/28/2021,03/01/2020,03/31/2020,By Month,2020.0,3.0,North Carolina,All Sexes,23.0,8842.0
04/28/2021,04/01/2020,04/30/2020,By Month,2020.0,4.0,North Carolina,All Sexes,450.0,8734.0
04/28/2021,05/01/2020,05/31/2020,By Month,2020.0,5.0,North Carolina,All Sexes,540.0,8961.0
04/28/2021,06/01/2020,06/30/2020,By Month,2020.0,6.0,North Carolina,All Sexes,470.0,8295.0
04/28/2021,07/01/2020,07/31/2020,By Month,2020.0,7.0,North Carolina,All Sexes,697.0,9059.0
04/28/2021,08/01/2020,08/31/2020,By Month,2020.0,8.0,North Carolina,All Sexes,904.0,9327.0
04/28/2021,09/01/2020,09/30/2020,By Month,2020.0,9.0,North Carolina,All Sexes,909.0,9160.0
04/28/2021,10/01/2020,10/31/2020,By Month,2020.0,10.0,North Carolina,All Sexes,831.0,8013.0
04/28/2021,11/01/2020,11/30/2020,By Month,2020.0,11.0,North Carolina,All Sexes,1185.0,8785.0
04/28/2021,12/01/2020,12/31/2020,By Month,2020.0,12.0,North Carolina,All Sexes,2332.0,6031.0
04/28/2021,01/01/2021,01/31/2021,By Month,2021.0,1.0,North Carolina,All Sexes,342.0,1731.0
04/28/2021,02/01/2021,02/28/2021,By Month,2021.0,2.0,North Carolina,All Sexes,67.0,944.0
04/28/2021,03/01/2021,03/31/2021,By Month,2021.0,3.0,North Carolina,All Sexes,28.0,798.0
04/28/2021,04/01/2020,04/30/2020,By Month,2020.0,4.0,North Dakota,All Sexes,26.0,657.0
04/28/2021,05/01/2020,05/31/2020,By Month,2020.0,5.0,North Dakota,All Sexes,53.0,650.0
04/28/2021,06/01/2020,06/30/2020,By Month,2020.0,6.0,North Dakota,All Sexes,20.0,598.0
04/28/2021,07/01/2020,07/31/2020,By Month,2020.0,7.0,North Dakota,All Sexes,30.0,589.0
04/28/2021,08/01/2020,08/31/2020,By Month,2020.0,8.0,North Dakota,All Sexes,42.0,634.0
04/28/2021,09/01/2020,09/30/2020,By Month,2020.0,9.0,North Dakota,All Sexes,117.0,704.0
04/28/2021,10/01/2020,10/31/2020,By Month,2020.0,10.0,North Dakota,All Sexes,314.0,997.0
04/28/2021,11/01/2020,11/30/2020,By Month,2020.0,11.0,North Dakota,All Sexes,557.0,1135.0
04/28/2021,12/01/2020,12/31/2020,By Month,2020.0,12.0,North Dakota,All Sexes,349.0,936.0
04/28/2021,01/01/2021,01/31/2021,By Month,2021.0,1.0,North Dakota,All Sexes,83.0,557.0
04/28/2021,02/01/2021,02/28/2021,By Month,2021.0,2.0,North Dakota,All Sexes,28.0,384.0
04/28/2021,03/01/2021,03/31/2021,By Month,2021.0,3.0,North Dakota,All Sexes,18.0,393.0
04/28/2021,04/01/2021,04/24/2021,By Month,2021.0,4.0,North Dakota,All Sexes,10.0,177.0
04/28/2021,03/01/2020,03/31/2020,By Month,2020.0,3.0,Ohio,All Sexes,97.0,11150.0
04/28/2021,04/01/2020,04/30/2020,By Month,2020.0,4.0,Ohio,All Sexes,1056.0,11526.0
04/28/2021,05/01/2020,05/31/2020,By Month,2020.0,5.0,Ohio,All Sexes,1149.0,11701.0
04/28/2021,06/01/2020,06/30/2020,By Month,2020.0,6.0,Ohio,All Sexes,557.0,10566.0
04/28/2021,07/01/2020,07/31/2020,By Month,2020.0,7.0,Ohio,All Sexes,674.0,11254.0
04/28/2021,08/01/2020,08/31/2020,By Month,2020.0,8.0,Ohio,All Sexes,779.0,11443.0
04/28/2021,09/01/2020,09/30/2020,By Month,2020.0,9.0,Ohio,All Sexes,637.0,10893.0
04/28/2021,10/01/2020,10/31/2020,By Month,2020.0,10.0,Ohio,All Sexes,987.0,11897.0
04/28/2021,11/01/2020,11/30/2020,By Month,2020.0,11.0,Ohio,All Sexes,3053.0,13927.0
04/28/2021,12/01/2020,12/31/2020,By Month,2020.0,12.0,Ohio,All Sexes,5992.0,17869.0
04/28/2021,01/01/2021,01/31/2021,By Month,2021.0,1.0,Ohio,All Sexes,4108.0,15144.0
04/28/2021,02/01/2021,02/28/2021,By Month,2021.0,2.0,Ohio,All Sexes,1592.0,11522.0
04/28/2021,03/01/2021,03/31/2021,By Month,2021.0,3.0,Ohio,All Sexes,702.0,10009.0
04/28/2021,04/01/2021,04/24/2021,By Month,2021.0,4.0,Ohio,All Sexes,193.0,3782.0
04/28/2021,03/01/2020,03/31/2020,By Month,2020.0,3.0,Oklahoma,All Sexes,39.0,3608.0
04/28/2021,04/01/2020,04/30/2020,By Month,2020.0,4.0,Oklahoma,All Sexes,208.0,3438.0
04/28/2021,05/01/2020,05/31/2020,By Month,2020.0,5.0,Oklahoma,All Sexes,114.0,3378.0
04/28/2021,06/01/2020,06/30/2020,By Month,2020.0,6.0,Oklahoma,All Sexes,71.0,3298.0
04/28/2021,07/01/2020,07/31/2020,By Month,2020.0,7.0,Oklahoma,All Sexes,229.0,3649.0
04/28/2021,08/01/2020,08/31/2020,By Month,2020.0,8.0,Oklahoma,All Sexes,349.0,3729.0
04/28/2021,09/01/2020,09/30/2020,By Month,2020.0,9.0,Oklahoma,All Sexes,353.0,3563.0
04/28/2021,10/01/2020,10/31/2020,By Month,2020.0,10.0,Oklahoma,All Sexes,605.0,4180.0
04/28/2021,11/01/2020,11/30/2020,By Month,2020.0,11.0,Oklahoma,All Sexes,1245.0,4781.0
04/28/2021,12/01/2020,12/31/2020,By Month,2020.0,12.0,Oklahoma,All Sexes,2010.0,5633.0
04/28/2021,01/01/2021,01/31/2021,By Month,2021.0,1.0,Oklahoma,All Sexes,1917.0,5471.0
04/28/2021,02/01/2021,02/28/2021,By Month,2021.0,2.0,Oklahoma,All Sexes,754.0,3833.0
04/28/2021,03/01/2021,03/31/2021,By Month,2021.0,3.0,Oklahoma,All Sexes,276.0,3330.0
04/28/2021,04/01/2021,04/24/2021,By Month,2021.0,4.0,Oklahoma,All Sexes,72.0,1270.0
04/28/2021,03/01/2020,03/31/2020,By Month,2020.0,3.0,Oregon,All Sexes,27.0,3394.0
04/28/2021,04/01/2020,04/30/2020,By Month,2020.0,4.0,Oregon,All Sexes,105.0,3271.0
04/28/2021,05/01/2020,05/31/2020,By Month,2020.0,5.0,Oregon,All Sexes,59.0,3212.0
04/28/2021,06/01/2020,06/30/2020,By Month,2020.0,6.0,Oregon,All Sexes,60.0,3078.0
04/28/2021,07/01/2020,07/31/2020,By Month,2020.0,7.0,Oregon,All Sexes,102.0,3233.0
04/28/2021,08/01/2020,08/31/2020,By Month,2020.0,8.0,Oregon,All Sexes,129.0,3369.0
04/28/2021,09/01/2020,09/30/2020,By Month,2020.0,9.0,Oregon,All Sexes,85.0,3218.0
04/28/2021,10/01/2020,10/31/2020,By Month,2020.0,10.0,Oregon,All Sexes,132.0,3328.0
04/28/2021,11/01/2020,11/30/2020,By Month,2020.0,11.0,Oregon,All Sexes,325.0,3653.0
04/28/2021,12/01/2020,12/31/2020,By Month,2020.0,12.0,Oregon,All Sexes,565.0,4096.0
04/28/2021,01/01/2021,01/31/2021,By Month,2021.0,1.0,Oregon,All Sexes,438.0,3830.0
04/28/2021,02/01/2021,02/28/2021,By Month,2021.0,2.0,Oregon,All Sexes,167.0,3203.0
04/28/2021,03/01/2021,03/31/2021,By Month,2021.0,3.0,Oregon,All Sexes,110.0,3303.0
04/28/2021,04/01/2021,04/24/2021,By Month,2021.0,4.0,Oregon,All Sexes,45.0,1207.0
04/28/2021,03/01/2020,03/31/2020,By Month,2020.0,3.0,Pennsylvania,All Sexes,104.0,12105.0
04/28/2021,04/01/2020,04/30/2020,By Month,2020.0,4.0,Pennsylvania,All Sexes,3498.0,15428.0
04/28/2021,05/01/2020,05/31/2020,By Month,2020.0,5.0,Pennsylvania,All Sexes,2709.0,13849.0
04/28/2021,06/01/2020,06/30/2020,By Month,2020.0,6.0,Pennsylvania,All Sexes,828.0,11208.0
04/28/2021,07/01/2020,07/31/2020,By Month,2020.0,7.0,Pennsylvania,All Sexes,498.0,11532.0
04/28/2021,08/01/2020,08/31/2020,By Month,2020.0,8.0,Pennsylvania,All Sexes,505.0,11500.0
04/28/2021,09/01/2020,09/30/2020,By Month,2020.0,9.0,Pennsylvania,All Sexes,417.0,11337.0
04/28/2021,10/01/2020,10/31/2020,By Month,2020.0,10.0,Pennsylvania,All Sexes,722.0,12074.0
04/28/2021,11/01/2020,11/30/2020,By Month,2020.0,11.0,Pennsylvania,All Sexes,2562.0,14197.0
04/28/2021,12/01/2020,12/31/2020,By Month,2020.0,12.0,Pennsylvania,All Sexes,6528.0,19256.0
04/28/2021,01/01/2021,01/31/2021,By Month,2021.0,1.0,Pennsylvania,All Sexes,4783.0,16989.0
04/28/2021,02/01/2021,02/28/2021,By Month,2021.0,2.0,Pennsylvania,All Sexes,1900.0,12443.0
04/28/2021,03/01/2021,03/31/2021,By Month,2021.0,3.0,Pennsylvania,All Sexes,972.0,11754.0
04/28/2021,04/01/2021,04/24/2021,By Month,2021.0,4.0,Pennsylvania,All Sexes,677.0,6404.0
04/28/2021,04/01/2020,04/30/2020,By Month,2020.0,4.0,Rhode Island,All Sexes,352.0,1190.0
04/28/2021,05/01/2020,05/31/2020,By Month,2020.0,5.0,Rhode Island,All Sexes,467.0,1341.0
04/28/2021,06/01/2020,06/30/2020,By Month,2020.0,6.0,Rhode Island,All Sexes,148.0,952.0
04/28/2021,07/01/2020,07/31/2020,By Month,2020.0,7.0,Rhode Island,All Sexes,40.0,809.0
04/28/2021,08/01/2020,08/31/2020,By Month,2020.0,8.0,Rhode Island,All Sexes,45.0,890.0
04/28/2021,09/01/2020,09/30/2020,By Month,2020.0,9.0,Rhode Island,All Sexes,45.0,881.0
04/28/2021,10/01/2020,10/31/2020,By Month,2020.0,10.0,Rhode Island,All Sexes,97.0,909.0
04/28/2021,11/01/2020,11/30/2020,By Month,2020.0,11.0,Rhode Island,All Sexes,200.0,1029.0
04/28/2021,12/01/2020,12/31/2020,By Month,2020.0,12.0,Rhode Island,All Sexes,510.0,1378.0
04/28/2021,01/01/2021,01/31/2021,By Month,2021.0,1.0,Rhode Island,All Sexes,416.0,1269.0
04/28/2021,02/01/2021,02/28/2021,By Month,2021.0,2.0,Rhode Island,All Sexes,186.0,965.0
04/28/2021,03/01/2021,03/31/2021,By Month,2021.0,3.0,Rhode Island,All Sexes,76.0,888.0
04/28/2021,03/01/2020,03/31/2020,By Month,2020.0,3.0,South Carolina,All Sexes,34.0,4779.0
04/28/2021,04/01/2020,04/30/2020,By Month,2020.0,4.0,South Carolina,All Sexes,236.0,4571.0
04/28/2021,05/01/2020,05/31/2020,By Month,2020.0,5.0,South Carolina,All Sexes,290.0,4692.0
04/28/2021,06/01/2020,06/30/2020,By Month,2020.0,6.0,South Carolina,All Sexes,292.0,4603.0
04/28/2021,07/01/2020,07/31/2020,By Month,2020.0,7.0,South Carolina,All Sexes,1030.0,5772.0
04/28/2021,08/01/2020,08/31/2020,By Month,2020.0,8.0,South Carolina,All Sexes,1006.0,5616.0
04/28/2021,09/01/2020,09/30/2020,By Month,2020.0,9.0,South Carolina,All Sexes,599.0,5024.0
04/28/2021,10/01/2020,10/31/2020,By Month,2020.0,10.0,South Carolina,All Sexes,493.0,5046.0
04/28/2021,11/01/2020,11/30/2020,By Month,2020.0,11.0,South Carolina,All Sexes,433.0,4150.0
04/28/2021,12/01/2020,12/31/2020,By Month,2020.0,12.0,South Carolina,All Sexes,1122.0,5862.0
04/28/2021,01/01/2021,01/31/2021,By Month,2021.0,1.0,South Carolina,All Sexes,1435.0,5226.0
04/28/2021,02/01/2021,02/28/2021,By Month,2021.0,2.0,South Carolina,All Sexes,1034.0,5263.0
04/28/2021,03/01/2021,03/31/2021,By Month,2021.0,3.0,South Carolina,All Sexes,441.0,4733.0
04/28/2021,04/01/2021,04/24/2021,By Month,2021.0,4.0,South Carolina,All Sexes,97.0,1913.0
04/28/2021,04/01/2020,04/30/2020,By Month,2020.0,4.0,South Dakota,All Sexes,21.0,697.0
04/28/2021,05/01/2020,05/31/2020,By Month,2020.0,5.0,South Dakota,All Sexes,44.0,718.0
04/28/2021,06/01/2020,06/30/2020,By Month,2020.0,6.0,South Dakota,All Sexes,40.0,671.0
04/28/2021,07/01/2020,07/31/2020,By Month,2020.0,7.0,South Dakota,All Sexes,50.0,740.0
04/28/2021,08/01/2020,08/31/2020,By Month,2020.0,8.0,South Dakota,All Sexes,49.0,785.0
04/28/2021,09/01/2020,09/30/2020,By Month,2020.0,9.0,South Dakota,All Sexes,116.0,803.0
04/28/2021,10/01/2020,10/31/2020,By Month,2020.0,10.0,South Dakota,All Sexes,265.0,1006.0
04/28/2021,11/01/2020,11/30/2020,By Month,2020.0,11.0,South Dakota,All Sexes,700.0,1457.0
04/28/2021,12/01/2020,12/31/2020,By Month,2020.0,12.0,South Dakota,All Sexes,427.0,1082.0
04/28/2021,01/01/2021,01/31/2021,By Month,2021.0,1.0,South Dakota,All Sexes,184.0,900.0
04/28/2021,02/01/2021,02/28/2021,By Month,2021.0,2.0,South Dakota,All Sexes,70.0,697.0
04/28/2021,03/01/2021,03/31/2021,By Month,2021.0,3.0,South Dakota,All Sexes,31.0,618.0
04/28/2021,03/01/2020,03/31/2020,By Month,2020.0,3.0,Tennessee,All Sexes,36.0,6935.0
04/28/2021,04/01/2020,04/30/2020,By Month,2020.0,4.0,Tennessee,All Sexes,184.0,6516.0
04/28/2021,05/01/2020,05/31/2020,By Month,2020.0,5.0,Tennessee,All Sexes,202.0,6709.0
04/28/2021,06/01/2020,06/30/2020,By Month,2020.0,6.0,Tennessee,All Sexes,213.0,6546.0
04/28/2021,07/01/2020,07/31/2020,By Month,2020.0,7.0,Tennessee,All Sexes,582.0,7371.0
04/28/2021,08/01/2020,08/31/2020,By Month,2020.0,8.0,Tennessee,All Sexes,740.0,7427.0
04/28/2021,09/01/2020,09/30/2020,By Month,2020.0,9.0,Tennessee,All Sexes,699.0,7244.0
04/28/2021,10/01/2020,10/31/2020,By Month,2020.0,10.0,Tennessee,All Sexes,961.0,7945.0
04/28/2021,11/01/2020,11/30/2020,By Month,2020.0,11.0,Tennessee,All Sexes,1584.0,8254.0
04/28/2021,12/01/2020,12/31/2020,By Month,2020.0,12.0,Tennessee,All Sexes,2665.0,9959.0
04/28/2021,01/01/2021,01/31/2021,By Month,2021.0,1.0,Tennessee,All Sexes,2775.0,10049.0
04/28/2021,02/01/2021,02/28/2021,By Month,2021.0,2.0,Tennessee,All Sexes,963.0,7155.0
04/28/2021,03/01/2021,03/31/2021,By Month,2021.0,3.0,Tennessee,All Sexes,527.0,6827.0
04/28/2021,04/01/2021,04/24/2021,By Month,2021.0,4.0,Tennessee,All Sexes,238.0,3324.0
04/28/2021,03/01/2020,03/31/2020,By Month,2020.0,3.0,Texas,All Sexes,98.0,18575.0
04/28/2021,04/01/2020,04/30/2020,By Month,2020.0,4.0,Texas,All Sexes,929.0,18573.0
04/28/2021,05/01/2020,05/31/2020,By Month,2020.0,5.0,Texas,All Sexes,964.0,18729.0
04/28/2021,06/01/2020,06/30/2020,By Month,2020.0,6.0,Texas,All Sexes,1432.0,19172.0
04/28/2021,07/01/2020,07/31/2020,By Month,2020.0,7.0,Texas,All Sexes,6961.0,26483.0
04/28/2021,08/01/2020,08/31/2020,By Month,2020.0,8.0,Texas,All Sexes,5136.0,23890.0
04/28/2021,09/01/2020,09/30/2020,By Month,2020.0,9.0,Texas,All Sexes,2336.0,19880.0
04/28/2021,10/01/2020,10/31/2020,By Month,2020.0,10.0,Texas,All Sexes,2862.0,21211.0
04/28/2021,11/01/2020,11/30/2020,By Month,2020.0,11.0,Texas,All Sexes,5205.0,23402.0
04/28/2021,12/01/2020,12/31/2020,By Month,2020.0,12.0,Texas,All Sexes,7513.0,26931.0
04/28/2021,01/01/2021,01/31/2021,By Month,2021.0,1.0,Texas,All Sexes,10601.0,30438.0
04/28/2021,02/01/2021,02/28/2021,By Month,2021.0,2.0,Texas,All Sexes,5689.0,23619.0
04/28/2021,03/01/2021,03/31/2021,By Month,2021.0,3.0,Texas,All Sexes,2478.0,19647.0
04/28/2021,04/01/2021,04/24/2021,By Month,2021.0,4.0,Texas,All Sexes,566.0,7427.0
04/28/2021,04/01/2020,04/30/2020,By Month,2020.0,4.0,Utah,All Sexes,44.0,1672.0
04/28/2021,05/01/2020,05/31/2020,By Month,2020.0,5.0,Utah,All Sexes,70.0,1715.0
04/28/2021,06/01/2020,06/30/2020,By Month,2020.0,6.0,Utah,All Sexes,68.0,1698.0
04/28/2021,07/01/2020,07/31/2020,By Month,2020.0,7.0,Utah,All Sexes,145.0,1916.0
04/28/2021,08/01/2020,08/31/2020,By Month,2020.0,8.0,Utah,All Sexes,95.0,1861.0
04/28/2021,09/01/2020,09/30/2020,By Month,2020.0,9.0,Utah,All Sexes,77.0,1717.0
04/28/2021,10/01/2020,10/31/2020,By Month,2020.0,10.0,Utah,All Sexes,184.0,1938.0
04/28/2021,11/01/2020,11/30/2020,By Month,2020.0,11.0,Utah,All Sexes,417.0,2121.0
04/28/2021,12/01/2020,12/31/2020,By Month,2020.0,12.0,Utah,All Sexes,523.0,2339.0
04/28/2021,01/01/2021,01/31/2021,By Month,2021.0,1.0,Utah,All Sexes,445.0,2197.0
04/28/2021,02/01/2021,02/28/2021,By Month,2021.0,2.0,Utah,All Sexes,167.0,1726.0
04/28/2021,03/01/2021,03/31/2021,By Month,2021.0,3.0,Utah,All Sexes,94.0,1759.0
04/28/2021,04/01/2021,04/24/2021,By Month,2021.0,4.0,Utah,All Sexes,24.0,826.0
04/28/2021,03/01/2020,03/31/2020,By Month,2020.0,3.0,Vermont,All Sexes,16.0,575.0
04/28/2021,04/01/2020,04/30/2020,By Month,2020.0,4.0,Vermont,All Sexes,38.0,532.0
04/28/2021,11/01/2020,11/30/2020,By Month,2020.0,11.0,Vermont,All Sexes,16.0,520.0
04/28/2021,12/01/2020,12/31/2020,By Month,2020.0,12.0,Vermont,All Sexes,68.0,592.0
04/28/2021,01/01/2021,01/31/2021,By Month,2021.0,1.0,Vermont,All Sexes,28.0,538.0
04/28/2021,02/01/2021,02/28/2021,By Month,2021.0,2.0,Vermont,All Sexes,26.0,563.0
04/28/2021,03/01/2021,03/31/2021,By Month,2021.0,3.0,Vermont,All Sexes,19.0,471.0
04/28/2021,03/01/2020,03/31/2020,By Month,2020.0,3.0,Virginia,All Sexes,62.0,6494.0
04/28/2021,04/01/2020,04/30/2020,By Month,2020.0,4.0,Virginia,All Sexes,751.0,6905.0
04/28/2021,05/01/2020,05/31/2020,By Month,2020.0,5.0,Virginia,All Sexes,852.0,6717.0
04/28/2021,06/01/2020,06/30/2020,By Month,2020.0,6.0,Virginia,All Sexes,394.0,5983.0
04/28/2021,07/01/2020,07/31/2020,By Month,2020.0,7.0,Virginia,All Sexes,370.0,6402.0
04/28/2021,08/01/2020,08/31/2020,By Month,2020.0,8.0,Virginia,All Sexes,472.0,6514.0
04/28/2021,09/01/2020,09/30/2020,By Month,2020.0,9.0,Virginia,All Sexes,476.0,6353.0
04/28/2021,10/01/2020,10/31/2020,By Month,2020.0,10.0,Virginia,All Sexes,483.0,6594.0
04/28/2021,11/01/2020,11/30/2020,By Month,2020.0,11.0,Virginia,All Sexes,740.0,6811.0
04/28/2021,12/01/2020,12/31/2020,By Month,2020.0,12.0,Virginia,All Sexes,1542.0,8158.0
04/28/2021,01/01/2021,01/31/2021,By Month,2021.0,1.0,Virginia,All Sexes,2285.0,9028.0
04/28/2021,02/01/2021,02/28/2021,By Month,2021.0,2.0,Virginia,All Sexes,1217.0,7146.0
04/28/2021,03/01/2021,03/31/2021,By Month,2021.0,3.0,Virginia,All Sexes,541.0,6168.0
04/28/2021,04/01/2021,04/24/2021,By Month,2021.0,4.0,Virginia,All Sexes,185.0,2652.0
04/28/2021,03/01/2020,03/31/2020,By Month,2020.0,3.0,Washington,All Sexes,283.0,5437.0
04/28/2021,04/01/2020,04/30/2020,By Month,2020.0,4.0,Washington,All Sexes,543.0,5372.0
04/28/2021,05/01/2020,05/31/2020,By Month,2020.0,5.0,Washington,All Sexes,273.0,4993.0
04/28/2021,06/01/2020,06/30/2020,By Month,2020.0,6.0,Washington,All Sexes,158.0,4704.0
04/28/2021,07/01/2020,07/31/2020,By Month,2020.0,7.0,Washington,All Sexes,292.0,5227.0
04/28/2021,08/01/2020,08/31/2020,By Month,2020.0,8.0,Washington,All Sexes,288.0,5241.0
04/28/2021,09/01/2020,09/30/2020,By Month,2020.0,9.0,Washington,All Sexes,175.0,5022.0
04/28/2021,10/01/2020,10/31/2020,By Month,2020.0,10.0,Washington,All Sexes,244.0,5196.0
04/28/2021,11/01/2020,11/30/2020,By Month,2020.0,11.0,Washington,All Sexes,473.0,5525.0
04/28/2021,12/01/2020,12/31/2020,By Month,2020.0,12.0,Washington,All Sexes,913.0,6079.0
04/28/2021,01/01/2021,01/31/2021,By Month,2021.0,1.0,Washington,All Sexes,761.0,6003.0
04/28/2021,02/01/2021,02/28/2021,By Month,2021.0,2.0,Washington,All Sexes,393.0,5040.0
04/28/2021,03/01/2021,03/31/2021,By Month,2021.0,3.0,Washington,All Sexes,178.0,5123.0
04/28/2021,04/01/2021,04/24/2021,By Month,2021.0,4.0,Washington,All Sexes,83.0,2266.0
04/28/2021,04/01/2020,04/30/2020,By Month,2020.0,4.0,West Virginia,All Sexes,49.0,2012.0
04/28/2021,05/01/2020,05/31/2020,By Month,2020.0,5.0,West Virginia,All Sexes,38.0,1975.0
04/28/2021,06/01/2020,06/30/2020,By Month,2020.0,6.0,West Virginia,All Sexes,13.0,1852.0
04/28/2021,07/01/2020,07/31/2020,By Month,2020.0,7.0,West Virginia,All Sexes,34.0,2029.0
04/28/2021,08/01/2020,08/31/2020,By Month,2020.0,8.0,West Virginia,All Sexes,109.0,2080.0
04/28/2021,09/01/2020,09/30/2020,By Month,2020.0,9.0,West Virginia,All Sexes,113.0,2026.0
04/28/2021,10/01/2020,10/31/2020,By Month,2020.0,10.0,West Virginia,All Sexes,134.0,2050.0
04/28/2021,11/01/2020,11/30/2020,By Month,2020.0,11.0,West Virginia,All Sexes,307.0,2325.0
04/28/2021,12/01/2020,12/31/2020,By Month,2020.0,12.0,West Virginia,All Sexes,752.0,2923.0
04/28/2021,01/01/2021,01/31/2021,By Month,2021.0,1.0,West Virginia,All Sexes,698.0,2655.0
04/28/2021,02/01/2021,02/28/2021,By Month,2021.0,2.0,West Virginia,All Sexes,270.0,767.0
04/28/2021,03/01/2021,03/31/2021,By Month,2021.0,3.0,West Virginia,All Sexes,93.0,97.0
04/28/2021,04/01/2021,04/24/2021,By Month,2021.0,4.0,West Virginia,All Sexes,38.0,38.0
04/28/2021,03/01/2020,03/31/2020,By Month,2020.0,3.0,Wisconsin,All Sexes,44.0,5003.0
04/28/2021,04/01/2020,04/30/2020,By Month,2020.0,4.0,Wisconsin,All Sexes,311.0,4881.0
04/28/2021,05/01/2020,05/31/2020,By Month,2020.0,5.0,Wisconsin,All Sexes,288.0,4793.0
04/28/2021,06/01/2020,06/30/2020,By Month,2020.0,6.0,Wisconsin,All Sexes,162.0,4487.0
04/28/2021,07/01/2020,07/31/2020,By Month,2020.0,7.0,Wisconsin,All Sexes,164.0,4721.0
04/28/2021,08/01/2020,08/31/2020,By Month,2020.0,8.0,Wisconsin,All Sexes,199.0,4840.0
04/28/2021,09/01/2020,09/30/2020,By Month,2020.0,9.0,Wisconsin,All Sexes,218.0,4693.0
04/28/2021,10/01/2020,10/31/2020,By Month,2020.0,10.0,Wisconsin,All Sexes,987.0,5733.0
04/28/2021,11/01/2020,11/30/2020,By Month,2020.0,11.0,Wisconsin,All Sexes,2118.0,7068.0
04/28/2021,12/01/2020,12/31/2020,By Month,2020.0,12.0,Wisconsin,All Sexes,1767.0,6652.0
04/28/2021,01/01/2021,01/31/2021,By Month,2021.0,1.0,Wisconsin,All Sexes,1037.0,5677.0
04/28/2021,02/01/2021,02/28/2021,By Month,2021.0,2.0,Wisconsin,All Sexes,406.0,4520.0
04/28/2021,03/01/2021,03/31/2021,By Month,2021.0,3.0,Wisconsin,All Sexes,180.0,4473.0
04/28/2021,04/01/2021,04/24/2021,By Month,2021.0,4.0,Wisconsin,All Sexes,79.0,2106.0
04/28/2021,09/01/2020,09/30/2020,By Month,2020.0,9.0,Wyoming,All Sexes,12.0,473.0
04/28/2021,10/01/2020,10/31/2020,By Month,2020.0,10.0,Wyoming,All Sexes,71.0,507.0
04/28/2021,11/01/2020,11/30/2020,By Month,2020.0,11.0,Wyoming,All Sexes,163.0,573.0
04/28/2021,12/01/2020,12/31/2020,By Month,2020.0,12.0,Wyoming,All Sexes,183.0,611.0
04/28/2021,01/01/2021,01/31/2021,By Month,2021.0,1.0,Wyoming,All Sexes,100.0,527.0
04/28/2021,02/01/2021,02/28/2021,By Month,2021.0,2.0,Wyoming,All Sexes,45.0,420.0
04/28/2021,03/01/2021,03/31/2021,By Month,2021.0,3.0,Wyoming,All Sexes,15.0,399.0
04/28/2021,03/01/2020,03/31/2020,By Month,2020.0,3.0,Puerto Rico,All Sexes,21.0,2750.0
04/28/2021,04/01/2020,04/30/2020,By Month,2020.0,4.0,Puerto Rico,All Sexes,79.0,2415.0
04/28/2021,05/01/2020,05/31/2020,By Month,2020.0,5.0,Puerto Rico,All Sexes,35.0,2478.0
04/28/2021,06/01/2020,06/30/2020,By Month,2020.0,6.0,Puerto Rico,All Sexes,15.0,2428.0
04/28/2021,07/01/2020,07/31/2020,By Month,2020.0,7.0,Puerto Rico,All Sexes,89.0,2652.0
04/28/2021,08/01/2020,08/31/2020,By Month,2020.0,8.0,Puerto Rico,All Sexes,196.0,2904.0
04/28/2021,09/01/2020,09/30/2020,By Month,2020.0,9.0,Puerto Rico,All Sexes,231.0,2615.0
04/28/2021,10/01/2020,10/31/2020,By Month,2020.0,10.0,Puerto Rico,All Sexes,172.0,2717.0
04/28/2021,11/01/2020,11/30/2020,By Month,2020.0,11.0,Puerto Rico,All Sexes,338.0,2821.0
04/28/2021,12/01/2020,12/31/2020,By Month,2020.0,12.0,Puerto Rico,All Sexes,437.0,3000.0
04/28/2021,01/01/2021,01/31/2021,By Month,2021.0,1.0,Puerto Rico,All Sexes,237.0,2125.0
04/28/2021,02/01/2021,02/28/2021,By Month,2021.0,2.0,Puerto Rico,All Sexes,124.0,1379.0
04/28/2021,03/01/2021,03/31/2021,By Month,2021.0,3.0,Puerto Rico,All Sexes,62.0,539.0
04/28/2021,04/01/2021,04/24/2021,By Month,2021.0,4.0,Puerto Rico,All Sexes,69.0,280.0
